,NAME,WEB_NAME,TEAM,RK,POSITION,COST,AGE,MATCHES_PLAYED,STARTS,MINUTES,GOALS,ASSISTS,PENALTIES,PENALTIES_MISSED,YELLOW_CARDS,RED_CARDS,xG,xA,OWN_GOALS,GOALS_CONCEDED,CLEAN_SHEETS,SAVES,POINTS,MINUTES_PER_ASSIST,MINUTES_PER_GOAL,MINUTES_PER_GAME,MINUTES_PER_POINT,MINUTES_PER_XG,MINUTES_PER_XA,xg_diff,xa_diff
0,fabian schar,Schär,Newcastle,7,DF,55,31,36,35,3054,4,1,0,0,5,0,2.5,0.7,0,58,9,0,123,3054.0,763.5,84.83333333333333,24.829268292682926,1221.6,4362.857142857143,1.5,0.30000000000000004
1,david datro fofana,D.D.Fofana,Chelsea,6,FW,55,20,15,10,879,4,1,0,0,1,0,4.5,1.8,0,18,1,0,50,879.0,219.75,58.6,17.58,195.33333333333334,488.3333333333333,-0.5,-0.8
2,james milner,Milner,Brighton,11,MF,50,37,15,11,773,0,2,0,0,3,0,0.3,1.8,0,12,4,0,28,386.5,3510.0,51.53333333333333,27.607142857142858,2576.666666666667,429.44444444444446,-0.3,0.19999999999999996
3,ederson santana de moraes,Ederson M.,Man City,1,GK,55,29,33,33,2785,0,0,0,0,5,0,0.0,0.1,0,27,11,57,112,3510.0,3510.0,84.39393939393939,24.866071428571427,35100.0,27850.0,0.0,-0.1
4,hannibal mejbri,Hannibal,Man Utd,8,MF,45,20,5,1,133,1,0,0,0,1,0,0.0,0.4,0,1,1,0,11,3510.0,133.0,26.6,12.090909090909092,35100.0,332.5,1.0,-0.4
5,enso gonzalez,Gonzalez,Wolves,14,MF,45,18,1,0,1,0,0,0,0,0,0,0.0,0.0,0,0,0,0,1,3510.0,3510.0,1.0,1.0,35100.0,35100.0,0.0,0.0
6,tommy doyle,Doyle,Wolves,14,MF,50,21,26,11,1222,0,0,0,0,2,0,0.4,0.4,0,24,3,0,38,3510.0,3510.0,47.0,32.1578947368421,3055.0,3055.0,-0.4,-0.4
7,pape matar sarr,P.Sarr,Spurs,5,MF,50,20,34,27,2069,3,3,0,0,9,0,3.4,2.2,0,27,9,0,86,689.6666666666666,689.6666666666666,60.85294117647059,24.058139534883722,608.5294117647059,940.4545454545454,-0.3999999999999999,0.7999999999999998
8,marc cucurella saseta,Cucurella,Chelsea,6,DF,50,25,21,20,1782,0,2,0,0,10,0,1.1,1.1,1,33,4,0,44,891.0,3510.0,84.85714285714286,40.5,1619.9999999999998,1619.9999999999998,-1.1,0.8999999999999999
9,tom cairney,Cairney,Fulham,13,MF,50,32,34,14,1488,1,4,0,0,3,0,1.1,2.3,1,27,4,0,70,372.0,1488.0,43.76470588235294,21.257142857142856,1352.7272727272725,646.9565217391305,-0.10000000000000009,1.7000000000000002
10,christian nørgaard,Nørgaard,Brentford,16,MF,50,29,31,30,2505,2,1,0,0,8,0,3.5,1.9,0,51,6,0,74,2505.0,1252.5,80.80645161290323,33.851351351351354,715.7142857142857,1318.421052631579,-1.5,-0.8999999999999999
11,david brooks,Brooks,Bournemouth,12,MF,50,26,13,2,282,1,1,0,0,1,0,2.2,1.0,0,7,0,0,23,282.0,282.0,21.692307692307693,12.26086956521739,128.18181818181816,282.0,-1.2000000000000002,0.0
12,jack harrison,Harrison,Everton,15,MF,55,26,29,25,2214,3,3,0,0,1,0,3.6,3.4,0,26,11,0,92,738.0,738.0,76.34482758620689,24.065217391304348,615.0,651.1764705882354,-0.6000000000000001,-0.3999999999999999
13,marcos senesi,Senesi,Bournemouth,12,DF,50,26,31,26,2242,4,5,0,0,13,0,2.0,1.7,0,44,6,0,102,448.4,560.5,72.3225806451613,21.980392156862745,1121.0,1318.8235294117646,2.0,3.3
14,dane scarlett,Scarlett,Spurs,5,FW,45,19,4,0,22,0,0,0,0,0,0,0.0,0.0,0,0,0,0,4,3510.0,3510.0,5.5,5.5,35100.0,35100.0,0.0,0.0
15,ruben gato alves dias,Rúben,Man City,1,DF,55,26,30,28,2559,0,0,0,0,0,0,1.4,0.3,1,28,9,0,88,3510.0,3510.0,85.3,29.079545454545453,1827.857142857143,8530.0,-1.4,-0.3
16,carlos baleba,Baleba,Brighton,11,MF,50,19,27,15,1325,0,0,0,0,7,0,0.8,0.3,0,28,2,0,34,3510.0,3510.0,49.074074074074076,38.970588235294116,1656.25,4416.666666666667,-0.8,-0.3
17,jacob ramsey,Ramsey,Aston Villa,4,MF,55,22,16,8,853,1,1,0,0,2,0,2.2,1.0,0,12,0,0,29,853.0,853.0,53.3125,29.413793103448278,387.7272727272727,853.0,-1.2000000000000002,0.0
18,harry toffolo,Toffolo,Nott'm Forest,17,DF,45,27,23,15,1459,1,3,0,0,3,0,1.6,1.5,0,29,2,0,52,486.3333333333333,1459.0,63.43478260869565,28.057692307692307,911.875,972.6666666666666,-0.6000000000000001,1.5
19,marc guehi,Guéhi,Crystal Palace,10,DF,45,23,25,23,2021,0,1,0,0,2,0,0.6,0.6,0,32,6,0,66,2021.0,3510.0,80.84,30.62121212121212,3368.3333333333335,3368.3333333333335,-0.6,0.4
20,victor lindelof,Lindelof,Man Utd,8,DF,45,29,19,14,1328,1,1,0,0,2,0,0.8,0.3,0,16,5,0,62,1328.0,1328.0,69.89473684210526,21.419354838709676,1660.0,4426.666666666667,0.19999999999999996,0.7
21,tim ream,Ream,Fulham,13,DF,45,35,18,17,1503,1,0,0,0,4,1,1.0,0.0,0,31,3,0,40,3510.0,1503.0,83.5,37.575,1503.0,35100.0,0.0,0.0
22,tomas soucek,Souček,West Ham,9,MF,50,28,37,34,2870,7,2,0,0,7,0,6.7,1.7,0,64,5,0,116,1435.0,410.0,77.56756756756756,24.74137931034483,428.35820895522386,1688.235294117647,0.2999999999999998,0.30000000000000004
23,jadon sancho,Sancho,Man Utd,8,MF,65,23,3,0,79,0,0,0,0,0,0,0.0,0.1,0,1,0,0,3,3510.0,3510.0,26.333333333333332,26.333333333333332,35100.0,790.0,0.0,-0.1
24,jean-ricner bellegarde,Bellegarde,Wolves,14,MF,50,25,22,10,958,2,1,0,0,0,1,1.6,1.0,0,24,0,0,45,958.0,479.0,43.54545454545455,21.288888888888888,598.75,958.0,0.3999999999999999,0.0
25,daniel munoz,Muñoz,Crystal Palace,10,DF,50,27,16,16,1439,0,4,0,0,4,0,1.2,2.4,0,22,5,0,56,359.75,3510.0,89.9375,25.696428571428573,1199.1666666666667,599.5833333333334,-1.2,1.6
26,son heung-min,Son,Spurs,5,MF,100,31,35,34,2934,17,10,2,0,1,0,12.0,11.8,1,51,8,0,213,293.4,172.58823529411765,83.82857142857142,13.774647887323944,244.5,248.64406779661016,5.0,-1.8000000000000007
27,josko gvardiol,Gvardiol,Man City,1,DF,60,21,28,26,2328,4,1,0,0,3,0,3.1,1.4,0,23,9,0,123,2328.0,582.0,83.14285714285714,18.926829268292682,750.9677419354839,1662.857142857143,0.8999999999999999,-0.3999999999999999
28,billy gilmour,Gilmour,Brighton,11,MF,50,22,30,24,2120,0,1,0,0,8,1,1.0,2.0,0,37,6,0,61,2120.0,3510.0,70.66666666666667,34.75409836065574,2120.0,1060.0,-1.0,-1.0
29,tyrone mings,Mings,Aston Villa,4,DF,45,30,1,1,30,0,0,0,0,0,0,0.0,0.0,0,2,0,0,0,3510.0,3510.0,30.0,270.0,35100.0,35100.0,0.0,0.0
30,bernd leno,Leno,Fulham,13,GK,50,31,38,38,3420,0,0,0,0,3,0,0.0,0.0,1,61,10,134,133,3510.0,3510.0,90.0,25.714285714285715,35100.0,35100.0,0.0,0.0
31,fabio silva,Fábio Silva,Wolves,14,FW,50,21,8,3,264,0,0,0,0,2,0,1.0,0.2,0,8,1,0,8,3510.0,3510.0,33.0,33.0,264.0,1320.0,-1.0,-0.2
32,lesley ugochukwu,Ugochukwu,Chelsea,6,MF,45,19,12,3,301,0,0,0,0,2,0,0.0,0.1,0,6,1,0,13,3510.0,3510.0,25.083333333333332,23.153846153846153,35100.0,3010.0,0.0,-0.1
33,anthony gordon,Gordon,Newcastle,7,MF,75,22,35,34,2890,11,10,1,0,12,1,10.2,8.0,0,48,12,0,183,289.0,262.72727272727275,82.57142857142857,15.792349726775956,283.33333333333337,361.25,0.8000000000000007,2.0
34,sean longstaff,Longstaff,Newcastle,7,MF,50,25,35,30,2747,6,2,0,0,7,0,6.6,2.3,0,50,10,0,110,1373.5,457.8333333333333,78.48571428571428,24.972727272727273,416.21212121212125,1194.3478260869565,-0.5999999999999996,-0.2999999999999998
35,giovani lo celso,Lo Celso,Spurs,5,MF,50,27,22,4,506,2,2,0,0,2,0,0.6,1.9,0,12,1,0,47,253.0,253.0,23.0,10.76595744680851,843.3333333333334,266.3157894736842,1.4,0.10000000000000009
36,sandro tonali,Tonali,Newcastle,7,MF,55,23,8,5,438,1,0,0,0,2,0,0.7,0.6,0,5,1,0,16,3510.0,438.0,54.75,27.375,625.7142857142858,730.0,0.30000000000000004,-0.6
37,erling haaland,Haaland,Man City,1,FW,150,23,31,29,2552,27,5,7,1,1,0,29.2,4.3,0,25,11,0,217,510.4,94.51851851851852,82.3225806451613,11.76036866359447,87.3972602739726,593.4883720930233,-2.1999999999999993,0.7000000000000002
38,noni madueke,Madueke,Chelsea,6,MF,65,21,23,13,1053,5,2,1,0,2,0,2.5,2.6,0,19,4,0,76,526.5,210.6,45.78260869565217,13.855263157894736,421.2,405.0,2.5,-0.6000000000000001
39,tosin adarabioyo,Tosin,Chelsea,6,DF,45,25,20,18,1617,2,0,0,0,2,0,0.7,0.1,0,25,6,0,66,3510.0,808.5,80.85,24.5,2310.0,16170.0,1.3,-0.1
40,craig dawson,Dawson,Wolves,14,DF,45,33,25,25,2209,1,1,0,0,7,0,1.5,1.4,0,38,6,0,69,2209.0,2209.0,88.36,32.01449275362319,1472.6666666666667,1577.857142857143,-0.5,-0.3999999999999999
41,nathan fraser,Fraser,Wolves,14,FW,45,18,7,1,186,0,0,0,0,1,0,0.3,0.1,0,3,1,0,7,3510.0,3510.0,26.571428571428573,26.571428571428573,620.0,1860.0,-0.3,-0.1
42,ethan pinnock,Pinnock,Brentford,16,DF,45,30,29,28,2521,2,0,0,0,1,0,2.0,1.0,0,46,5,0,77,3510.0,1260.5,86.93103448275862,32.74025974025974,1260.5,2521.0,0.0,-1.0
43,ibrahima konate,Konaté,Liverpool,3,DF,50,24,22,17,1574,0,0,0,0,5,1,0.7,0.4,0,19,6,0,56,3510.0,3510.0,71.54545454545455,28.107142857142858,2248.571428571429,3935.0,-0.7,-0.4
44,danny ings,Ings,West Ham,9,FW,50,31,20,3,404,1,0,0,0,1,0,1.3,0.3,0,10,0,0,36,3510.0,404.0,20.2,11.222222222222221,310.7692307692308,1346.6666666666667,-0.30000000000000004,-0.3
45,andrew robertson,Robertson,Liverpool,3,DF,60,29,23,18,1693,3,2,0,0,2,0,1.9,5.4,0,22,3,0,76,846.5,564.3333333333334,73.6086956521739,22.276315789473685,891.0526315789474,313.5185185185185,1.1,-3.4000000000000004
46,robin olsen,Olsen,Aston Villa,4,GK,45,33,5,4,405,0,0,0,0,0,0,0.0,0.0,0,13,0,21,17,3510.0,3510.0,81.0,23.823529411764707,35100.0,35100.0,0.0,0.0
47,solly march,March,Brighton,11,MF,65,29,7,7,554,3,1,0,0,1,0,2.0,1.0,0,11,2,0,39,554.0,184.66666666666666,79.14285714285714,14.205128205128204,277.0,554.0,1.0,0.0
48,antony matheus dos santos,Antony,Man Utd,8,MF,60,23,29,15,1324,1,1,0,0,5,0,3.4,2.8,0,26,3,0,47,1324.0,1324.0,45.6551724137931,28.170212765957448,389.4117647058824,472.8571428571429,-2.4,-1.7999999999999998
49,jordan pickford,Pickford,Everton,15,GK,50,29,38,38,3420,0,0,0,0,5,0,0.0,0.1,1,51,13,121,153,3510.0,3510.0,90.0,22.352941176470587,35100.0,34200.0,0.0,-0.1
50,jaden philogene,Jaden,Aston Villa,4,MF,55,21,1,0,4,0,0,0,0,0,0,0.0,0.0,0,1,0,0,1,3510.0,3510.0,4.0,4.0,35100.0,35100.0,0.0,0.0
51,danilo dos santos de oliveira,Danilo,Nott'm Forest,17,MF,50,22,29,20,1792,2,2,0,0,4,0,1.8,1.5,0,42,1,0,65,896.0,896.0,61.793103448275865,27.56923076923077,995.5555555555555,1194.6666666666667,0.19999999999999996,0.5
52,matt doherty,Doherty,Wolves,14,DF,45,31,30,9,1150,1,0,0,0,2,0,0.8,1.3,0,21,1,0,41,3510.0,1150.0,38.333333333333336,28.048780487804876,1437.5,884.6153846153846,0.19999999999999996,-1.3
53,calvin bassey,Bassey,Fulham,13,DF,45,23,29,25,2303,1,0,0,0,6,1,0.3,0.0,0,42,6,0,66,3510.0,2303.0,79.41379310344827,34.89393939393939,7676.666666666667,35100.0,0.7,0.0
54,james mcatee,McAtee,Man City,1,MF,50,20,1,0,1,0,0,0,0,0,0,0.0,0.0,0,65,2,0,77,3510.0,3510.0,1.0,0.012987012987012988,35100.0,35100.0,0.0,0.0
55,alexander isak,Isak,Newcastle,7,FW,85,23,30,27,2255,21,2,5,1,1,0,20.3,3.7,0,41,7,0,172,1127.5,107.38095238095238,75.16666666666667,13.11046511627907,111.08374384236453,609.4594594594595,0.6999999999999993,-1.7000000000000002
56,cole palmer,Palmer,Chelsea,6,MF,105,21,1,0,11,0,0,0,0,0,0,0.0,0.0,0,46,7,0,244,3510.0,3510.0,11.0,0.045081967213114756,35100.0,35100.0,0.0,0.0
57,james maddison,Maddison,Spurs,5,MF,75,26,28,26,2135,4,9,0,0,5,0,6.4,5.9,0,31,7,0,117,237.22222222222223,533.75,76.25,18.247863247863247,333.59375,361.864406779661,-2.4000000000000004,3.0999999999999996
58,kyle walker-peters,Walker-Peters,Southampton,20,DF,45,33,32,30,2767,0,4,0,0,2,0,0.4,2.6,0,29,10,0,123,691.75,3510.0,86.46875,22.495934959349594,6917.5,1064.2307692307693,-0.4,1.4
59,jhon duran,Duran,Aston Villa,4,FW,60,19,23,3,475,5,0,0,0,5,0,2.0,0.3,0,12,0,0,50,3510.0,95.0,20.652173913043477,9.5,237.5,1583.3333333333335,3.0,-0.3
60,kyle walker,Walker,Man City,1,DF,55,33,32,30,2767,0,4,0,0,2,0,0.4,2.6,0,29,10,0,123,691.75,3510.0,86.46875,22.495934959349594,6917.5,1064.2307692307693,-0.4,1.4
61,omari kellyman,Kellyman,Chelsea,6,MF,45,17,2,0,37,0,0,0,0,0,0,0.1,0.0,0,1,0,0,2,3510.0,3510.0,18.5,18.5,370.0,35100.0,-0.1,0.0
62,alisson ramses becker,A.Becker,Liverpool,3,GK,55,30,28,28,2520,0,0,0,0,1,0,0.0,0.0,0,30,8,83,107,3510.0,3510.0,90.0,23.55140186915888,35100.0,35100.0,0.0,0.0
63,william osula,Osula,Newcastle,7,FW,50,19,21,9,786,0,0,0,0,4,0,1.6,0.1,0,23,0,0,25,3510.0,3510.0,37.42857142857143,31.44,491.25,7860.0,-1.6,-0.1
64,kalvin phillips,Phillips,Man City,1,MF,50,27,4,0,93,0,0,0,0,0,0,0.1,0.0,0,13,0,0,10,3510.0,3510.0,23.25,9.3,930.0,35100.0,-0.1,0.0
65,dominic solanke-mitchell,Solanke,Spurs,5,FW,75,25,38,37,3325,19,3,2,1,3,0,19.6,3.0,0,61,10,0,175,1108.3333333333333,175.0,87.5,19.0,169.64285714285714,1108.3333333333333,-0.6000000000000014,0.0
66,aaron cresswell,Cresswell,West Ham,9,DF,40,33,11,4,436,0,0,0,0,1,0,0.0,0.4,0,11,0,0,10,3510.0,3510.0,39.63636363636363,43.6,35100.0,1090.0,0.0,-0.4
67,chris richards,C.Richards,Crystal Palace,10,DF,45,23,26,23,2094,1,1,0,0,3,0,0.6,0.4,0,38,4,0,62,2094.0,2094.0,80.53846153846153,33.774193548387096,3490.0,5235.0,0.4,0.6
68,virgil van dijk,Virgil,Liverpool,3,DF,60,32,36,36,3177,2,2,0,0,3,1,2.8,1.6,0,40,9,0,117,1588.5,1588.5,88.25,27.153846153846153,1134.642857142857,1985.625,-0.7999999999999998,0.3999999999999999
69,igor thiago nascimento rodrigues,Thiago,Brentford,16,FW,60,25,24,17,1637,0,0,0,0,4,0,0.3,0.7,0,0,0,0,0,3510.0,3510.0,68.20833333333333,270.0,5456.666666666667,2338.571428571429,-0.3,-0.7
70,igor julio dos santos de paulo,Igor,Brighton,11,DF,45,25,24,17,1637,0,0,0,0,4,0,0.3,0.7,0,26,2,0,37,3510.0,3510.0,68.20833333333333,44.24324324324324,5456.666666666667,2338.571428571429,-0.3,-0.7
71,ivan toney,Toney,Brentford,16,FW,75,27,17,16,1450,4,2,0,0,5,0,6.0,1.5,0,30,3,0,57,725.0,362.5,85.29411764705883,25.43859649122807,241.66666666666666,966.6666666666666,-2.0,0.5
72,cody gakpo,Gakpo,Liverpool,3,FW,75,24,35,17,1649,8,5,0,0,1,0,9.0,2.9,0,20,5,0,106,329.8,206.125,47.114285714285714,15.556603773584905,183.22222222222223,568.6206896551724,-1.0,2.1
73,jason steele,Steele,Brighton,11,GK,45,32,17,17,1530,0,0,0,0,0,0,0.0,0.0,0,34,2,43,42,3510.0,3510.0,90.0,36.42857142857143,35100.0,35100.0,0.0,0.0
74,aaron ramsdale,Ramsdale,Arsenal,2,GK,45,25,6,6,540,0,0,0,0,0,0,0.0,0.0,0,5,2,9,20,3510.0,3510.0,90.0,27.0,35100.0,35100.0,0.0,0.0
75,keane lewis-potter,Lewis-Potter,Brentford,16,MF,50,22,30,15,1441,3,1,0,0,0,0,6.3,1.7,0,29,6,0,73,1441.0,480.3333333333333,48.03333333333333,19.73972602739726,228.73015873015873,847.6470588235294,-3.3,-0.7
76,declan rice,Rice,Arsenal,2,MF,65,24,38,37,3225,7,8,0,0,5,0,3.3,5.3,0,28,17,0,165,403.125,460.7142857142857,84.86842105263158,19.545454545454547,977.2727272727274,608.4905660377359,3.7,2.7
77,lewis dunk,Dunk,Brighton,11,DF,45,31,33,33,2869,3,1,0,0,7,1,3.1,0.9,0,53,5,0,89,2869.0,956.3333333333334,86.93939393939394,32.235955056179776,925.483870967742,3187.777777777778,-0.10000000000000009,0.09999999999999998
78,carney chukwuemeka,Chukwuemeka,Chelsea,6,MF,50,19,9,2,227,1,1,0,0,2,0,0.2,0.3,0,5,0,0,16,227.0,227.0,25.22222222222222,14.1875,1135.0,756.6666666666667,0.8,0.7
79,jordan ayew,J.Ayew,Crystal Palace,10,MF,55,31,35,30,2543,4,7,0,0,9,1,3.9,4.2,0,39,11,0,109,363.2857142857143,635.75,72.65714285714286,23.3302752293578,652.0512820512821,605.4761904761905,0.10000000000000009,2.8
80,aaron wan-bissaka,Wan-Bissaka,West Ham,9,DF,45,25,22,20,1780,0,2,0,0,4,0,0.1,1.5,0,34,3,0,47,890.0,3510.0,80.9090909090909,37.87234042553192,17800.0,1186.6666666666667,-0.1,0.5
81,jarrod bowen,Bowen,West Ham,9,MF,75,26,34,34,3019,16,6,0,0,2,0,11.6,5.5,0,63,5,0,182,503.1666666666667,188.6875,88.79411764705883,16.587912087912088,260.2586206896552,548.9090909090909,4.4,0.5
82,mario lemina,Mario Jr.,Wolves,14,MF,50,29,35,34,2968,4,1,0,0,12,1,4.6,1.5,0,55,4,0,95,2968.0,742.0,84.8,31.242105263157896,645.2173913043479,1978.6666666666667,-0.5999999999999996,-0.5
83,jefferson lerma solis,Lerma,Crystal Palace,10,MF,50,28,28,27,2400,1,1,0,0,8,0,2.7,2.2,0,46,5,0,64,2400.0,2400.0,85.71428571428571,37.5,888.8888888888888,1090.9090909090908,-1.7000000000000002,-1.2000000000000002
84,cheick doucoure,C.Doucouré,Crystal Palace,10,MF,50,23,11,11,919,0,0,0,0,2,0,0.3,0.7,0,12,3,0,21,3510.0,3510.0,83.54545454545455,43.76190476190476,3063.3333333333335,1312.857142857143,-0.3,-0.7
85,dan burn,Burn,Newcastle,7,DF,45,31,33,32,2726,2,2,0,0,4,0,3.1,1.1,0,45,8,0,97,1363.0,1363.0,82.60606060606061,28.103092783505154,879.3548387096774,2478.181818181818,-1.1,0.8999999999999999
86,adam smith,Smith,Bournemouth,12,DF,45,32,28,25,2150,0,2,0,0,6,0,0.1,1.3,0,33,8,0,80,1075.0,3510.0,76.78571428571429,26.875,21500.0,1653.8461538461538,-0.1,0.7
87,manor solomon,Solomon,Spurs,5,MF,55,24,5,2,199,0,2,0,0,1,0,0.4,0.8,0,2,0,0,14,99.5,3510.0,39.8,14.214285714285714,497.5,248.75,-0.4,1.2
88,justin kluivert,Kluivert,Bournemouth,12,MF,55,24,32,26,1916,7,1,0,0,5,0,6.2,1.9,0,23,11,0,100,1916.0,273.7142857142857,59.875,19.16,309.0322580645161,1008.421052631579,0.7999999999999998,-0.8999999999999999
89,marcus tavernier,Tavernier,Bournemouth,12,MF,55,24,30,25,2118,3,4,0,0,3,0,3.9,5.2,0,38,8,0,89,529.5,706.0,70.6,23.797752808988765,543.0769230769231,407.3076923076923,-0.8999999999999999,-1.2000000000000002
90,youri tielemans,Tielemans,Aston Villa,4,MF,55,26,32,17,1622,2,6,0,0,3,0,1.3,2.6,0,27,4,0,77,270.3333333333333,811.0,50.6875,21.064935064935064,1247.6923076923076,623.8461538461538,0.7,3.4
91,dominic calvert-lewin,Calvert-Lewin,Everton,15,FW,60,26,32,26,2171,7,2,2,0,2,0,12.9,3.1,0,27,13,0,101,1085.5,310.14285714285717,67.84375,21.495049504950494,168.29457364341084,700.3225806451612,-5.9,-1.1
92,tariq lamptey,Lamptey,Brighton,11,DF,45,22,19,10,914,0,3,0,0,3,0,0.4,1.2,0,20,1,0,31,304.6666666666667,3510.0,48.10526315789474,29.483870967741936,2285.0,761.6666666666667,-0.4,1.8
93,nathan collins,Collins,Brentford,16,DF,45,22,32,29,2652,1,1,0,0,3,0,1.7,2.2,0,51,7,0,84,2652.0,2652.0,82.875,31.571428571428573,1560.0,1205.4545454545453,-0.7,-1.2000000000000002
94,richarlison de andrade,Richarlison,Spurs,5,FW,70,26,28,18,1491,11,4,0,0,3,0,9.6,2.1,0,18,7,0,122,372.75,135.54545454545453,53.25,12.221311475409836,155.3125,710.0,1.4000000000000004,1.9
95,kieran trippier,Trippier,Newcastle,7,DF,60,32,28,26,2236,1,10,0,0,5,0,0.7,7.5,0,43,6,0,111,223.6,2236.0,79.85714285714286,20.144144144144143,3194.2857142857147,298.1333333333333,0.30000000000000004,2.5
96,matheus franca de oliveira,M.França,Crystal Palace,10,MF,45,19,10,1,232,0,1,0,0,1,0,0.4,0.9,0,7,0,0,16,232.0,3510.0,23.2,14.5,580.0,257.77777777777777,-0.4,0.09999999999999998
97,nicolas jackson,N.Jackson,Chelsea,6,FW,75,22,35,31,2799,14,5,0,0,10,0,18.6,4.3,0,48,9,0,142,559.8,199.92857142857142,79.97142857142858,19.711267605633804,150.48387096774192,650.9302325581396,-4.600000000000001,0.7000000000000002
98,hugo bueno lopez,H.Bueno,Wolves,14,DF,45,20,22,7,741,0,0,0,0,1,0,0.3,0.8,1,16,2,0,29,3510.0,3510.0,33.68181818181818,25.551724137931036,2470.0,926.25,-0.3,-0.8
99,mason mount,Mount,Man Utd,8,MF,65,24,14,5,516,1,0,0,0,2,0,0.4,0.3,0,13,1,0,23,3510.0,516.0,36.857142857142854,22.434782608695652,1290.0,1720.0,0.6,-0.3
100,manuel akanji,Akanji,Man City,1,DF,55,28,30,28,2511,2,0,0,0,4,1,1.9,0.5,0,23,11,0,112,3510.0,1255.5,83.7,22.419642857142858,1321.578947368421,5022.0,0.10000000000000009,-0.5
101,rayan ait-nouri,Aït-Nouri,Wolves,14,DF,45,22,33,29,2329,2,1,0,0,7,0,3.3,2.4,0,43,3,0,77,2329.0,1164.5,70.57575757575758,30.246753246753247,705.7575757575758,970.4166666666667,-1.2999999999999998,-1.4
102,alphonse areola,Areola,West Ham,9,GK,45,30,31,31,2699,0,0,0,0,1,0,0.0,0.0,1,53,4,138,116,3510.0,3510.0,87.06451612903226,23.267241379310345,35100.0,35100.0,0.0,0.0
103,dean henderson,Henderson,Crystal Palace,10,GK,45,26,18,18,1620,0,0,0,0,2,0,0.0,0.0,2,30,4,58,48,3510.0,3510.0,90.0,33.75,35100.0,35100.0,0.0,0.0
104,matt targett,Targett,Newcastle,7,DF,40,27,3,1,78,0,0,0,0,1,0,0.0,0.0,0,4,0,0,2,3510.0,3510.0,26.0,39.0,35100.0,35100.0,0.0,0.0
105,reece james,James,Chelsea,6,DF,50,23,10,5,419,0,2,0,0,2,2,0.3,1.7,0,13,0,0,11,209.5,3510.0,41.9,38.09090909090909,1396.6666666666667,246.47058823529412,-0.3,0.30000000000000004
106,bruno guimaraes rodriguez moura,Bruno G.,Newcastle,7,MF,65,25,34,34,2931,7,8,0,0,8,0,4.1,3.9,0,0,0,0,0,366.375,418.7142857142857,86.20588235294117,270.0,714.8780487804879,751.5384615384615,2.9000000000000004,4.1
107,lewis dobbin,Dobbin,Aston Villa,4,MF,50,20,12,1,232,1,0,0,0,1,0,0.3,0.5,0,3,1,0,18,3510.0,232.0,19.333333333333332,12.88888888888889,773.3333333333334,464.0,0.7,-0.5
108,rodrigo 'rodri' hernandez,Rodrigo,Man City,1,MF,65,27,34,34,2931,8,9,0,0,8,1,4.1,3.9,0,0,0,0,0,325.6666666666667,366.375,86.20588235294117,270.0,714.8780487804879,751.5384615384615,3.9000000000000004,5.1
109,eddie nketiah,Nketiah,Arsenal,2,FW,60,24,27,10,1082,5,2,0,0,3,0,4.5,0.8,0,10,6,0,71,541.0,216.4,40.074074074074076,15.23943661971831,240.44444444444446,1352.5,0.5,1.2
110,rodrigo martins gomes,R.Gomes,Wolves,14,MF,55,27,34,34,2931,8,9,0,0,8,1,4.1,3.9,0,0,0,0,0,325.6666666666667,366.375,86.20588235294117,270.0,714.8780487804879,751.5384615384615,3.9000000000000004,5.1
111,bobby clark,Clark,Liverpool,3,MF,45,18,5,1,89,0,0,0,0,0,0,0.1,0.0,0,0,0,0,5,3510.0,3510.0,17.8,17.8,890.0,35100.0,-0.1,0.0
112,guido rodriguez,G.Rodríguez,West Ham,9,MF,50,27,34,34,2931,8,9,0,0,8,1,4.1,3.9,0,0,0,0,0,325.6666666666667,366.375,86.20588235294117,270.0,714.8780487804879,751.5384615384615,3.9000000000000004,5.1
113,rodrigo muniz carvalho,Muniz,Fulham,13,FW,60,22,26,18,1593,8,1,0,0,1,0,4.1,2.0,0,0,0,0,0,1593.0,199.125,61.26923076923077,270.0,388.5365853658537,796.5,3.9000000000000004,-1.0
114,rodrigo bentancur,Bentancur,Spurs,5,MF,50,26,23,13,1005,1,1,0,0,7,0,1.9,0.5,0,0,0,0,0,1005.0,1005.0,43.69565217391305,270.0,528.9473684210526,2010.0,-0.8999999999999999,0.5
115,danny welbeck,Welbeck,Brighton,11,FW,55,32,29,21,1693,5,1,0,0,4,0,5.3,1.7,0,28,8,0,79,1693.0,338.6,58.37931034482759,21.430379746835442,319.433962264151,995.8823529411765,-0.2999999999999998,-0.7
116,ben johnson,Johnson,Ipswich,20,DF,40,23,14,4,544,0,0,0,0,1,0,0.2,0.0,0,16,1,0,17,3510.0,3510.0,38.857142857142854,32.0,2720.0,35100.0,-0.2,0.0
117,jorge luiz frello filho,Jorginho,Arsenal,2,MF,50,31,24,10,921,0,2,0,0,1,0,0.1,1.4,0,11,4,0,44,460.5,3510.0,38.375,20.931818181818183,9210.0,657.8571428571429,-0.1,0.6000000000000001
118,conor bradley,Bradley,Liverpool,3,DF,50,20,11,10,753,1,3,0,0,2,0,0.9,1.5,1,7,3,0,50,251.0,753.0,68.45454545454545,15.06,836.6666666666666,502.0,0.09999999999999998,1.5
119,taiwo awoniyi,Awoniyi,Nott'm Forest,17,FW,60,25,20,12,1042,6,3,0,0,2,0,4.7,1.7,0,21,3,0,67,347.3333333333333,173.66666666666666,52.1,15.552238805970148,221.70212765957447,612.9411764705883,1.2999999999999998,1.3
120,ollie watkins,Watkins,Aston Villa,4,FW,90,27,37,37,3217,19,13,0,0,4,0,16.8,7.3,0,56,7,0,228,247.46153846153845,169.31578947368422,86.94594594594595,14.109649122807017,191.48809523809524,440.68493150684935,2.1999999999999993,5.7
121,bart verbruggen,Verbruggen,Brighton,11,GK,45,20,21,21,1890,0,0,0,0,3,0,0.0,0.0,0,28,4,65,68,3510.0,3510.0,90.0,27.794117647058822,35100.0,35100.0,0.0,0.0
122,diogo dalot teixeira,Dalot,Man Utd,8,DF,50,24,36,35,3174,2,3,0,0,6,1,1.7,2.9,0,55,8,0,111,1058.0,1587.0,88.16666666666667,28.594594594594593,1867.0588235294117,1094.4827586206898,0.30000000000000004,0.10000000000000009
123,jurrien timber,J.Timber,Arsenal,2,DF,55,22,2,1,71,0,0,0,0,2,0,0.0,0.0,0,0,0,0,0,3510.0,3510.0,35.5,270.0,35100.0,35100.0,0.0,0.0
124,ryan gravenberch,Gravenberch,Liverpool,3,MF,50,21,26,12,1121,1,0,0,0,0,0,2.0,0.9,0,17,3,0,45,3510.0,1121.0,43.11538461538461,24.91111111111111,560.5,1245.5555555555554,-1.0,-0.9
125,diego carlos santos silva,Diego Carlos,Aston Villa,4,DF,45,30,27,20,1816,0,0,0,0,4,0,1.9,0.1,0,36,6,0,55,3510.0,3510.0,67.25925925925925,33.018181818181816,955.7894736842105,18160.0,-1.9,-0.1
126,david ozoh,Ozoh,Crystal Palace,10,MF,45,18,9,0,156,0,0,0,0,1,0,0.0,0.0,0,5,0,0,8,3510.0,3510.0,17.333333333333332,19.5,35100.0,35100.0,0.0,0.0
127,lisandro martinez,Martinez,Man Utd,8,DF,45,25,11,8,646,0,1,0,0,3,0,0.0,0.1,1,12,1,0,15,646.0,3510.0,58.72727272727273,43.06666666666667,35100.0,6460.0,0.0,0.9
128,luke harris,Harris,Fulham,13,MF,45,18,1,0,75,0,0,0,0,0,0,0.3,0.0,0,5,0,0,2,3510.0,3510.0,75.0,37.5,250.0,35100.0,-0.3,0.0
129,will hughes,Hughes,Crystal Palace,10,MF,50,28,30,23,1891,0,1,0,0,6,0,0.3,1.1,0,38,8,0,61,1891.0,3510.0,63.03333333333333,31.0,6303.333333333334,1719.090909090909,-0.3,-0.10000000000000009
130,alfie gilchrist,Gilchrist,Chelsea,6,DF,40,19,11,2,207,1,0,0,0,1,0,0.3,0.0,0,6,1,0,20,3510.0,207.0,18.818181818181817,10.35,690.0,35100.0,0.7,0.0
131,diogo teixeira da silva,Diogo J.,Liverpool,3,MF,75,26,21,14,1145,10,3,0,0,3,1,5.3,3.3,0,11,5,0,110,381.6666666666667,114.5,54.523809523809526,10.409090909090908,216.03773584905662,346.969696969697,4.7,-0.2999999999999998
132,andre onana,Onana,Man Utd,8,GK,50,27,38,38,3420,0,0,0,0,5,0,0.0,0.1,0,58,9,149,133,3510.0,3510.0,90.0,25.714285714285715,35100.0,34200.0,0.0,-0.1
133,martin dubravka,Dúbravka,Newcastle,7,GK,45,34,23,22,1985,0,0,0,0,1,0,0.0,0.1,0,42,4,88,75,3510.0,3510.0,86.30434782608695,26.466666666666665,35100.0,19850.0,0.0,-0.1
134,facundo buonanotte,Buonanotte,Leicester,20,MF,50,18,27,17,1364,3,1,0,0,7,0,2.4,1.8,0,19,6,0,57,1364.0,454.6666666666667,50.51851851851852,23.92982456140351,568.3333333333334,757.7777777777777,0.6000000000000001,-0.8
135,bruno borges fernandes,B.Fernandes,Man Utd,8,MF,85,28,35,35,3118,10,8,4,1,9,0,10.0,11.8,0,52,7,0,166,389.75,311.8,89.08571428571429,18.783132530120483,311.8,264.2372881355932,0.0,-3.8000000000000007
136,joel ward,Ward,Crystal Palace,10,DF,45,33,26,23,1980,0,1,0,0,4,0,0.9,0.2,1,34,5,0,54,1980.0,3510.0,76.15384615384616,36.666666666666664,2200.0,9900.0,-0.9,0.8
137,emerson leite de souza junior,E.Royal,Spurs,5,DF,45,24,22,11,1161,1,0,0,0,4,0,0.2,0.4,0,31,0,0,27,3510.0,1161.0,52.77272727272727,43.0,5805.0,2902.5,0.8,-0.4
138,adama traore,Adama,Fulham,13,MF,50,20,8,1,377,0,0,0,0,0,0,0.3,0.5,0,13,0,0,36,3510.0,3510.0,47.125,10.472222222222221,1256.6666666666667,754.0,-0.3,-0.5
139,nicolas dominguez,Dominguez,Nott'm Forest,17,MF,50,25,26,19,1495,2,2,0,0,4,0,1.3,1.0,0,27,6,0,67,747.5,747.5,57.5,22.313432835820894,1150.0,1495.0,0.7,1.0
140,william saliba,Saliba,Arsenal,2,DF,60,22,38,38,3420,2,1,0,0,4,0,1.6,0.2,0,29,18,0,164,3420.0,1710.0,90.0,20.853658536585368,2137.5,17100.0,0.3999999999999999,0.8
141,jan paul van hecke,Van Hecke,Brighton,11,DF,45,23,28,26,2369,0,0,0,0,4,0,1.2,0.9,0,38,5,0,61,3510.0,3510.0,84.60714285714286,38.83606557377049,1974.1666666666667,2632.222222222222,-1.2,-0.9
142,bryan gil salvatierra,Bryan,Spurs,5,MF,50,22,11,2,209,0,0,0,0,0,0,0.8,0.2,0,11,0,0,12,3510.0,3510.0,19.0,17.416666666666668,261.25,1045.0,-0.8,-0.2
143,emerson palmieri dos santos,Emerson,West Ham,9,DF,45,24,22,11,1161,1,0,0,0,4,0,0.2,0.4,0,31,0,0,27,3510.0,1161.0,52.77272727272727,43.0,5805.0,2902.5,0.8,-0.4
144,enzo fernandez,Enzo,Chelsea,6,MF,50,22,28,26,2209,3,2,1,1,7,0,6.2,3.4,0,47,5,0,77,1104.5,736.3333333333334,78.89285714285714,28.68831168831169,356.2903225806451,649.7058823529412,-3.2,-1.4
145,antoine semenyo,Semenyo,Bournemouth,12,MF,55,23,33,25,2105,8,2,0,0,6,0,4.6,3.2,0,33,8,0,107,1052.5,263.125,63.78787878787879,19.672897196261683,457.60869565217394,657.8125,3.4000000000000004,-1.2000000000000002
146,elliot anderson,Anderson,Nott'm Forest,17,MF,50,20,21,10,1027,0,2,0,0,3,0,1.5,1.9,0,14,5,0,42,513.5,3510.0,48.904761904761905,24.452380952380953,684.6666666666666,540.5263157894738,-1.5,0.10000000000000009
147,pascal groß,Gross,Brighton,11,MF,65,32,36,34,3114,4,10,1,0,6,0,6.5,8.1,0,50,7,0,153,311.4,778.5,86.5,20.352941176470587,479.0769230769231,384.44444444444446,-2.5,1.9000000000000004
148,maxwel cornet,Cornet,West Ham,9,MF,50,26,7,1,112,1,0,0,0,0,0,0.4,0.2,0,3,0,0,13,3510.0,112.0,16.0,8.615384615384615,280.0,560.0,0.6,-0.2
149,mark travers,Travers,Bournemouth,12,GK,45,24,4,4,360,0,0,0,0,0,0,0.0,0.0,0,5,2,13,19,3510.0,3510.0,90.0,18.94736842105263,35100.0,35100.0,0.0,0.0
150,romain faivre,Faivre,Bournemouth,12,MF,50,25,5,0,41,0,0,0,0,1,0,0.2,0.0,0,1,0,0,4,3510.0,3510.0,8.2,10.25,205.0,35100.0,-0.2,0.0
151,levi colwill,Colwill,Chelsea,6,DF,45,20,23,20,1797,1,1,0,0,2,0,1.3,1.2,0,26,5,0,65,1797.0,1797.0,78.1304347826087,27.646153846153847,1382.3076923076922,1497.5,-0.30000000000000004,-0.19999999999999996
152,morgan gibbs-white,Gibbs-White,Nott'm Forest,17,MF,65,23,37,35,3156,5,10,1,0,9,0,6.9,8.4,0,59,5,0,142,315.6,631.2,85.29729729729729,22.225352112676056,457.39130434782606,375.7142857142857,-1.9000000000000004,1.5999999999999996
153,lewis miley,Miley,Newcastle,7,MF,50,17,17,14,1202,1,3,0,0,1,0,1.2,1.7,0,29,1,0,44,400.6666666666667,1202.0,70.70588235294117,27.318181818181817,1001.6666666666667,707.0588235294118,-0.19999999999999996,1.3
154,james garner,Garner,Everton,15,MF,50,22,37,34,3004,1,2,0,0,7,0,2.7,4.6,0,47,11,0,87,1502.0,3004.0,81.1891891891892,34.52873563218391,1112.5925925925926,653.0434782608696,-1.7000000000000002,-2.5999999999999996
155,mads roerslev rasmussen,Roerslev,Brentford,16,DF,45,24,34,22,1985,1,2,0,0,1,0,0.9,1.8,0,40,5,0,75,992.5,1985.0,58.38235294117647,26.466666666666665,2205.5555555555557,1102.7777777777778,0.09999999999999998,0.19999999999999996
156,lucas digne,Digne,Aston Villa,4,DF,45,30,33,27,2410,1,3,0,0,7,0,1.1,4.1,0,41,6,0,85,803.3333333333334,2410.0,73.03030303030303,28.352941176470587,2190.9090909090905,587.8048780487806,-0.10000000000000009,-1.0999999999999996
157,abdoulaye doucoure,A.Doucoure,Everton,15,MF,55,30,32,32,2629,7,1,0,0,7,0,8.8,2.9,0,36,12,0,116,2629.0,375.57142857142856,82.15625,22.663793103448278,298.75,906.551724137931,-1.8000000000000007,-1.9
158,sasa lukic,Lukić,Fulham,13,MF,50,26,24,13,1122,1,0,0,0,3,0,1.6,0.8,0,20,5,0,43,3510.0,1122.0,46.75,26.093023255813954,701.25,1402.5,-0.6000000000000001,-0.8
159,sasa kalajdzic,Kalajdžić,Wolves,14,FW,50,26,11,1,166,2,0,0,0,0,0,1.1,1.0,0,2,1,0,24,3510.0,83.0,15.090909090909092,6.916666666666667,150.9090909090909,166.0,0.8999999999999999,-1.0
160,darwin nunez ribeiro,Darwin,Liverpool,3,FW,75,24,36,22,2047,11,8,0,1,9,0,16.3,6.0,0,25,6,0,132,255.875,186.0909090909091,56.861111111111114,15.507575757575758,125.58282208588956,341.1666666666667,-5.300000000000001,2.0
161,max aarons,Aarons,Bournemouth,12,DF,45,23,20,13,1237,0,1,0,0,1,0,0.0,0.8,0,35,2,0,28,1237.0,3510.0,61.85,44.17857142857143,35100.0,1546.25,0.0,0.19999999999999996
162,vladimir coufal,Coufal,West Ham,9,DF,45,30,36,36,3132,0,7,0,0,7,1,0.3,4.0,0,70,4,0,85,447.42857142857144,3510.0,87.0,36.84705882352941,10440.0,783.0,-0.3,3.0
163,joe gomez,Gomez,Liverpool,3,DF,50,26,32,17,1786,0,1,0,0,5,0,0.8,1.3,0,19,7,0,76,1786.0,3510.0,55.8125,23.5,2232.5,1373.8461538461538,-0.8,-0.30000000000000004
164,dango ouattara,O.Dango,Bournemouth,12,MF,50,21,30,12,1229,1,2,0,0,3,0,2.6,1.5,0,24,5,0,56,614.5,1229.0,40.96666666666667,21.946428571428573,472.6923076923077,819.3333333333334,-1.6,0.5
165,ethan nwaneri,Nwaneri,Arsenal,2,MF,45,16,1,0,14,0,0,0,0,0,0,0.0,0.0,0,0,0,0,1,3510.0,3510.0,14.0,14.0,35100.0,35100.0,0.0,0.0
166,curtis jones,Jones,Liverpool,3,MF,55,22,23,14,1167,1,1,0,0,3,1,2.6,0.7,0,19,2,0,40,1167.0,1167.0,50.73913043478261,29.175,448.8461538461538,1667.1428571428573,-1.6,0.30000000000000004
167,bernardo veiga de carvalho e silva,Bernardo,Man City,1,MF,65,28,33,29,2578,6,9,0,0,8,0,3.7,7.6,0,26,10,0,141,286.44444444444446,429.6666666666667,78.12121212121212,18.28368794326241,696.7567567567568,339.2105263157895,2.3,1.4000000000000004
168,kaine kesler-hayden,Kesler-Hayden,Aston Villa,4,DF,40,20,3,0,6,0,0,0,0,0,0,0.0,0.0,0,0,0,0,3,3510.0,3510.0,2.0,2.0,35100.0,35100.0,0.0,0.0
169,lewis hall,Hall,Newcastle,7,DF,45,18,18,8,781,1,0,0,0,2,0,0.3,0.3,0,12,2,0,38,3510.0,781.0,43.388888888888886,20.55263157894737,2603.3333333333335,2603.3333333333335,0.7,-0.3
170,raheem sterling,Sterling,Chelsea,6,MF,70,28,31,22,1978,8,4,0,0,7,0,6.5,4.5,0,38,5,0,123,494.5,247.25,63.806451612903224,16.08130081300813,304.3076923076923,439.55555555555554,1.5,-0.5
171,leander dendoncker,Dendoncker,Aston Villa,4,MF,45,28,8,1,119,1,0,0,0,0,0,0.7,0.0,0,3,0,0,20,3510.0,119.0,14.875,5.95,170.0,35100.0,0.30000000000000004,0.0
172,harvey barnes,Barnes,Newcastle,7,MF,65,25,21,7,802,5,3,0,0,2,0,3.6,3.2,0,10,2,0,64,267.3333333333333,160.4,38.19047619047619,12.53125,222.77777777777777,250.625,1.4,-0.20000000000000018
173,eberechi eze,Eze,Crystal Palace,10,MF,70,25,27,24,2055,11,4,1,0,3,0,9.1,5.2,0,28,8,0,136,513.75,186.8181818181818,76.11111111111111,15.110294117647058,225.82417582417582,395.1923076923077,1.9000000000000004,-1.2000000000000002
174,jarell quansah,Quansah,Liverpool,3,DF,45,20,17,13,1190,2,0,0,0,1,0,1.0,0.1,0,15,2,0,49,3510.0,595.0,70.0,24.285714285714285,1190.0,11900.0,1.0,-0.1
175,malo gusto,Gusto,Chelsea,6,DF,50,20,27,19,1751,0,6,0,0,7,1,0.9,4.3,0,28,5,0,74,291.8333333333333,3510.0,64.85185185185185,23.66216216216216,1945.5555555555554,407.2093023255814,-0.9,1.7000000000000002
176,jarrad branthwaite,Branthwaite,Everton,15,DF,50,21,35,35,3116,3,0,0,0,8,0,1.7,1.0,0,44,12,0,124,3510.0,1038.6666666666667,89.02857142857142,25.129032258064516,1832.9411764705883,3116.0,1.3,-1.0
177,mathias jensen,Jensen,Brentford,16,MF,55,27,32,27,2204,3,3,0,0,5,0,0.7,4.0,0,45,9,0,98,734.6666666666666,734.6666666666666,68.875,22.489795918367346,3148.571428571429,551.0,2.3,-1.0
178,naouirou ahamada,Ahamada,Crystal Palace,10,MF,45,21,20,0,349,0,0,0,0,4,1,0.5,0.0,0,14,0,0,16,3510.0,3510.0,17.45,21.8125,698.0,35100.0,-0.5,0.0
179,konstantinos mavropanos,Mavropanos,West Ham,9,DF,45,25,19,16,1500,1,0,0,0,2,0,1.2,0.2,2,27,3,0,40,3510.0,1500.0,78.94736842105263,37.5,1250.0,7500.0,-0.19999999999999996,-0.2
180,boubacar kamara,Kamara,Aston Villa,4,MF,50,23,20,20,1652,0,1,0,0,7,1,0.1,1.3,0,22,7,0,40,1652.0,3510.0,82.6,41.3,16520.0,1270.7692307692307,-0.1,-0.30000000000000004
181,nick pope,Pope,Newcastle,7,GK,50,31,15,15,1345,0,0,0,0,1,0,0.0,0.0,0,16,6,43,57,3510.0,3510.0,89.66666666666667,23.596491228070175,35100.0,35100.0,0.0,0.0
182,santiago bueno,S.Bueno,Wolves,14,DF,45,24,12,9,822,0,0,0,0,1,0,0.0,0.1,0,18,0,0,13,3510.0,3510.0,68.5,63.23076923076923,35100.0,8220.0,0.0,-0.1
183,tawanda chirewa,Chirewa,Wolves,14,MF,45,19,8,1,145,0,0,0,0,1,0,0.2,0.0,0,2,0,0,8,3510.0,3510.0,18.125,18.125,725.0,35100.0,-0.2,0.0
184,lewis cook,Cook,Bournemouth,12,MF,50,26,33,32,2786,0,3,0,0,5,1,0.4,4.3,0,51,8,0,77,928.6666666666666,3510.0,84.42424242424242,36.18181818181818,6965.0,647.9069767441861,-0.4,-1.2999999999999998
185,ben doak,Doak,Liverpool,3,MF,45,17,1,0,14,0,0,0,0,0,0,0.0,0.0,0,0,0,0,1,3510.0,3510.0,14.0,14.0,35100.0,35100.0,0.0,0.0
186,jaidon anthony,Anthony,Bournemouth,12,MF,45,23,3,2,152,0,0,0,0,1,0,0.1,0.0,0,5,0,0,3,3510.0,3510.0,50.666666666666664,50.666666666666664,1520.0,35100.0,-0.1,0.0
187,david raya martin,Raya,Arsenal,2,GK,55,27,32,32,2880,0,0,0,0,2,0,0.0,0.0,0,24,16,46,135,3510.0,3510.0,90.0,21.333333333333332,35100.0,35100.0,0.0,0.0
188,luke shaw,Shaw,Man Utd,8,DF,50,28,12,12,959,0,0,0,0,6,0,0.0,1.0,0,13,4,0,31,3510.0,3510.0,79.91666666666667,30.93548387096774,35100.0,959.0,0.0,-1.0
189,james tarkowski,Tarkowski,Everton,15,DF,50,30,38,38,3419,1,1,0,0,11,0,2.6,2.5,0,51,13,0,117,3419.0,3419.0,89.97368421052632,29.22222222222222,1315.0,1367.6,-1.6,-1.5
190,ben mee,Mee,Brentford,16,DF,45,33,16,15,1272,2,0,0,0,1,1,1.5,0.3,0,28,1,0,39,3510.0,636.0,79.5,32.61538461538461,848.0,4240.0,0.5,-0.3
191,ben davies,Davies,Spurs,5,DF,45,30,17,12,1090,1,0,0,0,2,0,2.3,0.4,0,21,1,0,34,3510.0,1090.0,64.11764705882354,32.05882352941177,473.91304347826093,2725.0,-1.2999999999999998,-0.4
192,pedro lomba neto,Neto,Chelsea,6,MF,65,34,32,32,2880,0,0,0,0,5,0,0.0,0.0,0,27,3,0,86,3510.0,3510.0,90.0,33.48837209302326,35100.0,35100.0,0.0,0.0
193,pervis estupinan,Estupiñan,Brighton,11,DF,50,25,19,15,1243,2,3,0,0,4,0,1.0,3.5,1,26,3,0,57,414.3333333333333,621.5,65.42105263157895,21.80701754385965,1243.0,355.14285714285717,1.0,-0.5
194,oliver skipp,Skipp,Spurs,5,MF,50,22,21,5,707,0,0,0,0,3,0,0.7,0.6,0,17,0,0,22,3510.0,3510.0,33.666666666666664,32.13636363636363,1010.0000000000001,1178.3333333333335,-0.7,-0.6
195,gabriel fernando de jesus,G.Jesus,Arsenal,2,FW,70,26,27,17,1478,4,5,0,0,6,0,6.3,3.8,0,11,11,0,85,295.6,369.5,54.74074074074074,17.388235294117646,234.6031746031746,388.94736842105266,-2.3,1.2000000000000002
196,norberto murara neto,Neto,Bournemouth,12,GK,45,34,32,32,2880,0,0,0,0,5,0,0.0,0.0,0,27,3,0,86,3510.0,3510.0,90.0,33.48837209302326,35100.0,35100.0,0.0,0.0
197,ezri konsa ngoyo,Konsa,Aston Villa,4,DF,45,25,35,35,3069,1,0,0,0,5,0,2.5,0.5,0,54,7,0,91,3510.0,3069.0,87.68571428571428,33.72527472527472,1227.6,6138.0,-1.5,-0.5
198,lloyd kelly,Kelly,Newcastle,7,DF,45,24,23,17,1559,0,1,0,0,2,0,0.3,1.2,0,32,4,0,48,1559.0,3510.0,67.78260869565217,32.479166666666664,5196.666666666667,1299.1666666666667,-0.3,-0.19999999999999996
199,aaron hickey,Hickey,Brentford,16,DF,45,21,9,9,713,0,0,0,0,5,0,0.2,0.1,0,12,2,0,17,3510.0,3510.0,79.22222222222223,41.94117647058823,3565.0,7130.0,-0.2,-0.1
200,micky van de ven,Van de Ven,Spurs,5,DF,45,22,27,27,2339,3,0,0,0,5,0,0.6,0.0,0,38,5,0,81,3510.0,779.6666666666666,86.62962962962963,28.876543209876544,3898.3333333333335,35100.0,2.4,0.0
201,john mcginn,McGinn,Aston Villa,4,MF,55,28,35,35,2999,6,4,0,0,9,1,5.0,4.6,0,54,7,0,119,749.75,499.8333333333333,85.68571428571428,25.201680672268907,599.8,651.9565217391305,1.0,-0.5999999999999996
202,arijanet muric,Muric,Ipswich,20,GK,45,24,10,10,900,0,0,0,0,0,0,0.0,0.2,1,16,0,64,47,3510.0,3510.0,90.0,19.148936170212767,35100.0,4500.0,0.0,-0.2
203,ibrahim sangare,Sangaré,Nott'm Forest,17,MF,45,25,17,13,1035,0,0,0,0,6,0,0.6,0.4,0,16,4,0,25,3510.0,3510.0,60.88235294117647,41.4,1725.0,2587.5,-0.6,-0.4
204,emile smith rowe,Smith Rowe,Fulham,13,MF,55,23,13,3,353,0,1,0,0,0,0,2.0,0.2,0,3,3,0,25,353.0,3510.0,27.153846153846153,14.12,176.5,1765.0,-2.0,0.8
205,đorđe petrovic,Petrović,Chelsea,6,GK,45,23,23,22,1987,0,0,0,0,2,0,0.0,0.0,0,38,5,75,71,3510.0,3510.0,86.3913043478261,27.985915492957748,35100.0,35100.0,0.0,0.0
206,kobbie mainoo,Mainoo,Man Utd,8,MF,55,18,24,24,1924,3,1,0,0,3,0,0.9,0.7,0,31,7,0,77,1924.0,641.3333333333334,80.16666666666667,24.98701298701299,2137.777777777778,2748.571428571429,2.1,0.30000000000000004
207,cesare casadei,Casadei,Chelsea,6,MF,45,20,11,0,79,0,0,0,0,0,0,0.0,0.1,0,3,0,0,11,3510.0,3510.0,7.181818181818182,7.181818181818182,35100.0,790.0,0.0,-0.1
208,stefan bajcetic maquieira,Bajcetic,Liverpool,3,MF,45,18,1,0,26,0,0,0,0,0,0,0.0,0.0,0,2,0,0,1,3510.0,3510.0,26.0,26.0,35100.0,35100.0,0.0,0.0
209,yves bissouma,Bissouma,Spurs,5,MF,50,26,28,26,2068,0,0,0,0,10,2,1.4,0.4,0,35,7,0,44,3510.0,3510.0,73.85714285714286,47.0,1477.1428571428573,5170.0,-1.4,-0.4
210,moises caicedo corozo,Caicedo,Chelsea,6,MF,50,21,35,33,2866,1,3,0,0,11,0,0.4,2.6,0,50,7,0,84,955.3333333333334,2866.0,81.88571428571429,34.11904761904762,7165.0,1102.3076923076924,0.6,0.3999999999999999
211,bukayo saka,Saka,Arsenal,2,MF,100,21,35,35,2919,16,9,6,0,4,0,15.5,10.5,0,27,16,0,226,324.3333333333333,182.4375,83.4,12.915929203539823,188.32258064516128,278.0,0.5,-1.5
212,boubacar traore,B.Traore,Wolves,14,MF,50,21,24,7,819,0,0,0,0,4,0,0.3,0.4,0,23,0,0,25,3510.0,3510.0,34.125,32.76,2730.0,2047.5,-0.3,-0.4
213,dejan kulusevski,Kulusevski,Spurs,5,MF,65,23,36,31,2762,8,3,0,0,7,0,4.7,7.7,0,46,8,0,130,920.6666666666666,345.25,76.72222222222223,21.246153846153845,587.6595744680851,358.7012987012987,3.3,-4.7
214,amad diallo,Amad,Man Utd,8,MF,50,21,9,3,390,1,1,0,0,1,0,0.5,1.1,0,6,1,0,23,390.0,390.0,43.333333333333336,16.956521739130434,780.0,354.5454545454545,0.5,-0.10000000000000009
215,luis sinisterra,Sinisterra,Bournemouth,12,MF,50,24,20,7,699,2,2,0,0,0,0,2.5,2.4,0,18,1,0,43,349.5,349.5,34.95,16.25581395348837,279.6,291.25,-0.5,-0.3999999999999999
216,raul jimenez,Raúl,Fulham,13,FW,55,32,24,18,1395,7,0,0,0,3,1,5.2,1.5,0,29,4,0,72,3510.0,199.28571428571428,58.125,19.375,268.2692307692308,930.0,1.7999999999999998,-1.5
217,ian maatsen,Maatsen,Aston Villa,4,DF,50,21,12,1,209,0,0,0,0,1,0,0.8,0.1,0,5,0,0,11,3510.0,3510.0,17.416666666666668,19.0,261.25,2090.0,-0.8,-0.1
218,tyler adams,Adams,Bournemouth,12,MF,50,24,3,1,121,0,0,0,0,0,0,0.0,0.1,0,3,0,0,5,3510.0,3510.0,40.333333333333336,24.2,35100.0,1210.0,0.0,-0.1
219,cameron archer,Archer,Aston Villa,4,FW,50,22,1,0,6,0,0,0,0,1,0,0.0,0.0,0,50,2,0,82,3510.0,3510.0,6.0,0.07317073170731707,35100.0,35100.0,0.0,0.0
220,joao pedro junqueira de jesus,João Pedro,Brighton,11,FW,55,21,31,19,2045,9,3,4,1,2,0,11.9,3.8,0,38,5,0,104,681.6666666666666,227.22222222222223,65.96774193548387,19.66346153846154,171.84873949579833,538.1578947368421,-2.9000000000000004,-0.7999999999999998
221,rico lewis,Lewis,Man City,1,DF,45,18,16,8,809,2,0,0,0,1,0,0.6,1.1,0,9,4,0,52,3510.0,404.5,50.5625,15.557692307692308,1348.3333333333335,735.4545454545454,1.4,-1.1
222,mikkel damsgaard,Damsgaard,Brentford,16,MF,50,23,23,7,842,0,2,0,0,2,0,0.9,1.4,0,9,5,0,45,421.0,3510.0,36.608695652173914,18.711111111111112,935.5555555555555,601.4285714285714,-0.9,0.6000000000000001
223,michael keane,Keane,Everton,15,DF,40,30,9,4,439,1,0,0,0,2,0,0.7,0.0,0,13,1,0,18,3510.0,439.0,48.77777777777778,24.38888888888889,627.1428571428572,35100.0,0.30000000000000004,0.0
224,joachim andersen,Andersen,Crystal Palace,10,DF,45,27,38,38,3415,2,3,0,0,7,0,1.7,2.8,0,58,10,0,121,1138.3333333333333,1707.5,89.86842105263158,28.223140495867767,2008.8235294117649,1219.642857142857,0.30000000000000004,0.20000000000000018
225,rasmus højlund,Højlund,Man Utd,8,FW,70,20,30,25,2158,10,2,0,0,2,0,7.6,1.6,0,35,6,0,112,1079.0,215.8,71.93333333333334,19.267857142857142,283.94736842105266,1348.75,2.4000000000000004,0.3999999999999999
226,miguel almiron rejala,Almirón,Newcastle,7,MF,60,29,33,23,1937,3,1,0,0,2,0,4.5,2.6,0,40,5,0,77,1937.0,645.6666666666666,58.696969696969695,25.155844155844157,430.44444444444446,745.0,-1.5,-1.6
227,james ward-prowse,Ward-Prowse,West Ham,9,MF,65,28,37,34,3001,7,7,2,0,4,0,6.0,7.8,0,65,5,0,146,428.7142857142857,428.7142857142857,81.10810810810811,20.554794520547944,500.1666666666667,384.7435897435898,1.0,-0.7999999999999998
228,mohamed salah,M.Salah,Liverpool,3,MF,125,31,32,28,2534,18,10,5,2,2,0,21.2,11.8,0,30,8,0,211,253.4,140.77777777777777,79.1875,12.009478672985782,119.52830188679246,214.7457627118644,-3.1999999999999993,-1.8000000000000007
229,jean-philippe mateta,Mateta,Crystal Palace,10,FW,75,26,35,25,2282,16,5,2,0,3,0,10.9,3.1,0,44,8,0,165,456.4,142.625,65.2,13.83030303030303,209.3577981651376,736.1290322580645,5.1,1.9
230,jakub kiwior,Kiwior,Arsenal,2,DF,50,23,20,11,946,1,3,0,0,1,0,0.8,0.9,0,8,6,0,67,315.3333333333333,946.0,47.3,14.119402985074627,1182.5,1051.111111111111,0.19999999999999996,2.1
231,harvey elliott,Elliott,Liverpool,3,MF,55,20,34,11,1352,3,6,0,0,2,0,2.7,3.5,0,13,4,0,96,225.33333333333334,450.6666666666667,39.76470588235294,14.083333333333334,500.7407407407407,386.2857142857143,0.2999999999999998,2.5
232,myles peart-harris,Peart-Harris,Brentford,16,MF,45,20,3,0,13,0,0,0,0,0,0,0.0,0.0,0,0,0,0,3,3510.0,3510.0,4.333333333333333,4.333333333333333,35100.0,35100.0,0.0,0.0
233,sergio reguilon,Reguilón,Spurs,5,DF,45,26,9,4,412,0,0,0,0,3,0,0.2,0.7,0,30,5,0,74,3510.0,3510.0,45.77777777777778,5.5675675675675675,2060.0,588.5714285714286,-0.2,-0.7
234,robert sanchez,Sánchez,Chelsea,6,GK,45,25,16,16,1433,0,0,0,0,2,0,0.0,0.0,0,25,3,53,59,3510.0,3510.0,89.5625,24.28813559322034,35100.0,35100.0,0.0,0.0
235,matty cash,Cash,Aston Villa,4,DF,45,25,29,23,2142,2,2,0,0,8,0,4.2,2.3,1,36,3,0,64,1071.0,1071.0,73.86206896551724,33.46875,510.0,931.304347826087,-2.2,-0.2999999999999998
236,adam webster,Webster,Brighton,11,DF,45,28,15,13,1144,0,0,0,0,2,0,0.4,0.1,1,22,2,0,26,3510.0,3510.0,76.26666666666667,44.0,2860.0,11440.0,-0.4,-0.1
237,harrison reed,Reed,Fulham,13,MF,50,28,27,15,1325,0,2,0,0,6,0,0.3,1.1,0,23,6,0,47,662.5,3510.0,49.074074074074076,28.19148936170213,4416.666666666667,1204.5454545454545,-0.3,0.8999999999999999
238,michail antonio,Antonio,West Ham,9,FW,55,33,26,21,1695,6,2,0,0,6,0,5.8,0.9,0,34,5,0,78,847.5,282.5,65.1923076923077,21.73076923076923,292.2413793103448,1883.3333333333333,0.20000000000000018,1.1
239,wes foderingham,Foderingham,West Ham,9,GK,45,32,30,29,2649,0,0,0,0,2,0,0.0,0.1,1,79,1,133,70,3510.0,3510.0,88.3,37.84285714285714,35100.0,26490.0,0.0,-0.1
240,adam lallana,Lallana,Southampton,20,MF,50,35,25,13,850,0,1,0,0,2,0,0.8,1.7,0,13,2,0,30,850.0,3510.0,34.0,28.333333333333332,1062.5,500.0,-0.8,-0.7
241,jeffrey schlupp,Schlupp,Crystal Palace,10,MF,50,30,29,17,1352,2,2,0,0,1,0,1.8,2.3,0,25,4,0,66,676.0,676.0,46.62068965517241,20.484848484848484,751.1111111111111,587.8260869565217,0.19999999999999996,-0.2999999999999998
242,conor gallagher,Gallagher,Chelsea,6,MF,60,23,37,37,3128,5,7,0,0,9,1,4.2,5.0,0,56,8,0,129,446.85714285714283,625.6,84.54054054054055,24.248062015503876,744.7619047619047,625.6,0.7999999999999998,2.0
243,emil krafth,Krafth,Newcastle,7,DF,45,28,17,8,913,0,0,0,0,2,0,0.2,1.0,0,15,3,0,33,3510.0,3510.0,53.705882352941174,27.666666666666668,4565.0,913.0,-0.2,-1.0
244,destiny udogie,Udogie,Spurs,5,DF,50,20,28,28,2391,2,3,0,0,7,1,2.4,2.2,0,43,5,0,79,797.0,1195.5,85.39285714285714,30.265822784810126,996.25,1086.8181818181818,-0.3999999999999999,0.7999999999999998
245,alexis mac allister,Mac Allister,Liverpool,3,MF,65,24,33,31,2599,5,5,1,0,7,1,3.7,3.6,0,34,6,0,109,519.8,519.8,78.75757575757575,23.844036697247706,702.4324324324324,721.9444444444445,1.2999999999999998,1.4
246,luke thomas,Thomas,Leicester,20,DF,40,22,12,11,917,0,0,0,0,3,0,0.5,0.1,0,29,0,0,7,3510.0,3510.0,76.41666666666667,131.0,1834.0,9170.0,-0.5,-0.1
247,matt turner,Turner,Nott'm Forest,17,GK,40,29,17,17,1530,0,0,0,0,2,0,0.0,0.0,0,28,2,55,41,3510.0,3510.0,90.0,37.31707317073171,35100.0,35100.0,0.0,0.0
248,mohammed kudus,Kudus,West Ham,9,MF,65,22,33,27,2484,8,6,0,0,6,0,5.1,3.5,0,61,3,0,137,414.0,310.5,75.27272727272727,18.131386861313867,487.0588235294118,709.7142857142857,2.9000000000000004,2.5
249,trent alexander-arnold,Alexander-Arnold,Liverpool,3,DF,70,24,28,25,2155,3,4,0,0,6,0,2.6,7.2,0,28,8,0,122,538.75,718.3333333333334,76.96428571428571,17.66393442622951,828.8461538461538,299.30555555555554,0.3999999999999999,-3.2
250,alex scott,Scott,Bournemouth,12,MF,50,19,23,11,1014,1,1,0,0,3,0,0.7,1.7,0,25,3,0,41,1014.0,1014.0,44.08695652173913,24.73170731707317,1448.5714285714287,596.4705882352941,0.30000000000000004,-0.7
251,ryan christie,Christie,Bournemouth,12,MF,50,28,37,35,2907,0,5,0,0,6,0,2.3,5.4,0,56,8,0,90,581.4,3510.0,78.56756756756756,32.3,1263.913043478261,538.3333333333333,-2.3,-0.40000000000000036
252,sam johnstone,Johnstone,Crystal Palace,10,GK,45,30,20,20,1796,0,0,0,0,1,0,0.0,0.0,0,27,6,41,68,3510.0,3510.0,89.8,26.41176470588235,35100.0,35100.0,0.0,0.0
253,nathaniel clyne,Clyne,Crystal Palace,10,DF,45,32,19,14,1338,0,0,0,0,0,0,0.2,0.2,0,16,5,0,52,3510.0,3510.0,70.42105263157895,25.73076923076923,6690.0,6690.0,-0.2,-0.2
254,dominik szoboszlai,Szoboszlai,Liverpool,3,MF,65,22,33,25,2104,3,2,0,0,1,0,3.7,5.8,0,23,8,0,99,1052.0,701.3333333333334,63.75757575757576,21.252525252525253,568.6486486486486,362.7586206896552,-0.7000000000000002,-3.8
255,issa diop,Diop,Fulham,13,DF,45,26,18,16,1424,0,0,0,0,4,1,0.3,0.0,0,26,5,0,43,3510.0,3510.0,79.11111111111111,33.116279069767444,4746.666666666667,35100.0,-0.3,0.0
256,facundo pellistri rebollo,Pellistri,Man Utd,8,MF,50,21,9,1,172,0,1,0,0,0,0,0.7,0.1,0,2,0,0,13,172.0,3510.0,19.11111111111111,13.23076923076923,245.71428571428572,1720.0,-0.7,0.9
257,axel disasi,Disasi,Chelsea,6,DF,45,25,31,29,2579,2,0,0,0,6,0,2.4,0.3,1,50,5,0,71,3510.0,1289.5,83.19354838709677,36.32394366197183,1074.5833333333335,8596.666666666668,-0.3999999999999999,-0.3
258,odsonne edouard,Edouard,Crystal Palace,10,FW,55,25,30,17,1555,7,0,0,0,4,0,6.2,1.2,0,24,6,0,79,3510.0,222.14285714285714,51.833333333333336,19.68354430379747,250.80645161290323,1295.8333333333335,0.7999999999999998,-1.2
259,alejo veliz,Veliz,Spurs,5,FW,50,19,8,0,50,1,0,0,0,1,0,0.2,0.0,0,2,0,0,11,3510.0,50.0,6.25,4.545454545454546,250.0,35100.0,0.8,0.0
260,callum hudson-odoi,Hudson-Odoi,Nott'm Forest,17,MF,55,22,29,20,1854,8,1,0,0,0,0,2.7,2.8,0,41,2,0,109,1854.0,231.75,63.93103448275862,17.009174311926607,686.6666666666666,662.1428571428572,5.3,-1.7999999999999998
261,tino livramento,Livramento,Newcastle,7,DF,45,20,26,12,1314,1,0,0,0,1,0,0.4,0.8,0,27,2,0,45,3510.0,1314.0,50.53846153846154,29.2,3285.0,1642.5,0.6,-0.8
262,sven botman,Botman,Newcastle,7,DF,45,23,17,15,1377,2,2,0,0,2,0,0.6,1.0,1,29,3,0,51,688.5,688.5,81.0,27.0,2295.0,1377.0,1.4,1.0
263,nathan ake,Aké,Man City,1,DF,55,28,29,24,2042,2,2,0,0,0,0,2.5,1.2,0,20,6,0,99,1021.0,1021.0,70.41379310344827,20.626262626262626,816.8,1701.6666666666667,-0.5,0.8
264,chris mepham,Mepham,Bournemouth,12,DF,45,25,10,6,617,0,1,0,0,2,0,0.1,0.4,0,16,1,0,16,617.0,3510.0,61.7,38.5625,6170.0,1542.5,-0.1,0.6
265,mykhailo mudryk,Mudryk,Chelsea,6,MF,65,22,31,18,1576,5,2,0,0,5,0,4.4,4.1,0,28,7,0,94,788.0,315.2,50.83870967741935,16.76595744680851,358.18181818181813,384.39024390243907,0.5999999999999996,-2.0999999999999996
266,willy boly,Boly,Nott'm Forest,17,DF,45,32,20,18,1438,2,1,0,0,3,1,1.5,1.3,0,26,3,0,58,1438.0,719.0,71.9,24.79310344827586,958.6666666666666,1106.1538461538462,0.5,-0.30000000000000004
267,antonee robinson,Robinson,Fulham,13,DF,45,25,37,37,3265,0,6,0,0,6,0,0.7,4.2,2,60,9,0,104,544.1666666666666,3510.0,88.24324324324324,31.39423076923077,4664.285714285715,777.3809523809523,-0.7,1.7999999999999998
268,reiss nelson,Nelson,Arsenal,2,MF,50,23,15,1,268,0,0,0,0,1,0,0.2,0.6,0,1,1,0,16,3510.0,3510.0,17.866666666666667,16.75,1340.0,446.6666666666667,-0.2,-0.6
269,kai havertz,Havertz,Arsenal,2,FW,80,24,37,30,2634,13,7,1,0,11,0,12.3,4.4,0,22,16,0,180,376.2857142857143,202.6153846153846,71.1891891891892,14.633333333333333,214.14634146341461,598.6363636363636,0.6999999999999993,2.5999999999999996
270,emiliano martinez romero,Martinez,Aston Villa,4,GK,50,30,34,34,3015,0,0,0,0,4,0,0.0,0.0,2,48,8,95,115,3510.0,3510.0,88.67647058823529,26.217391304347824,35100.0,35100.0,0.0,0.0
271,andrew omobamidele,Omobamidele,Nott'm Forest,17,DF,45,21,11,8,783,0,0,0,0,2,0,0.1,0.1,1,15,0,0,11,3510.0,3510.0,71.18181818181819,71.18181818181819,7830.0,7830.0,-0.1,-0.1
272,ross barkley,Barkley,Aston Villa,4,MF,55,29,32,30,2618,5,4,0,0,6,0,4.1,3.7,0,66,2,0,101,654.5,523.6,81.8125,25.92079207920792,638.5365853658537,707.5675675675675,0.9000000000000004,0.2999999999999998
273,julio enciso,Enciso,Brighton,11,MF,55,19,12,5,475,0,2,0,0,2,0,1.4,1.7,0,12,0,0,20,237.5,3510.0,39.583333333333336,23.75,339.28571428571433,279.4117647058824,-1.4,0.30000000000000004
274,kenny tete,Tete,Fulham,13,DF,45,27,14,10,867,1,0,0,0,2,0,0.9,0.4,0,21,2,0,27,3510.0,867.0,61.92857142857143,32.111111111111114,963.3333333333333,2167.5,0.09999999999999998,-0.4
275,jack grealish,Grealish,Man City,1,MF,65,27,20,10,1009,3,1,0,0,6,0,2.1,2.5,0,13,3,0,50,1009.0,336.3333333333333,50.45,20.18,480.4761904761905,403.6,0.8999999999999999,-1.5
276,mason holgate,Holgate,Everton,15,DF,40,26,10,9,710,0,0,0,0,3,1,0.6,0.4,0,27,0,0,1,3510.0,3510.0,71.0,710.0,1183.3333333333335,1775.0,-0.6,-0.4
277,frank onyeka,Onyeka,Brentford,16,MF,50,25,26,11,1161,1,2,0,0,8,0,2.2,1.8,0,27,1,0,39,580.5,1161.0,44.65384615384615,29.76923076923077,527.7272727272726,645.0,-1.2000000000000002,0.19999999999999996
278,phil foden,Foden,Man City,1,MF,95,23,35,33,2857,19,8,0,0,2,0,10.3,8.4,0,27,14,0,230,357.125,150.3684210526316,81.62857142857143,12.421739130434782,277.378640776699,340.1190476190476,8.7,-0.40000000000000036
279,kevin de bruyne,De Bruyne,Man City,1,MF,95,32,18,15,1221,4,10,0,0,2,0,2.4,11.5,0,8,7,0,98,122.1,305.25,67.83333333333333,12.459183673469388,508.75,106.17391304347827,1.6,-1.5
280,neal maupay,Maupay,Everton,15,FW,50,26,2,1,111,0,0,0,0,0,0,1.4,0.1,0,37,4,0,76,3510.0,3510.0,55.5,1.4605263157894737,79.28571428571429,1110.0,-1.4,-0.1
281,max kilman,Kilman,West Ham,9,DF,45,26,38,38,3420,2,0,0,0,7,0,1.8,1.4,0,65,5,0,82,3510.0,1710.0,90.0,41.707317073170735,1900.0,2442.857142857143,0.19999999999999996,-1.4
282,joelinton cassio apolinario de lira,Joelinton,Newcastle,7,MF,60,26,20,15,1279,2,1,0,0,6,0,3.1,2.8,0,23,3,0,45,1279.0,639.5,63.95,28.42222222222222,412.5806451612903,456.78571428571433,-1.1,-1.7999999999999998
283,harry maguire,Maguire,Man Utd,8,DF,50,30,22,18,1653,2,2,0,0,4,0,2.0,1.2,0,29,4,0,73,826.5,826.5,75.13636363636364,22.643835616438356,826.5,1377.5,0.0,0.8
284,ben brereton diaz,Brereton Díaz,Southampton,20,MF,55,24,14,14,1105,6,1,1,0,3,0,6.1,1.5,0,37,0,0,62,1105.0,184.16666666666666,78.92857142857143,17.822580645161292,181.14754098360658,736.6666666666666,-0.09999999999999964,-0.5
285,jeremy doku,Doku,Man City,1,MF,65,21,29,18,1595,3,8,0,0,3,0,2.5,4.6,0,19,1,0,98,199.375,531.6666666666666,55.0,16.275510204081634,638.0,346.7391304347826,0.5,3.4000000000000004
286,simon adingra,Adingra,Brighton,11,MF,55,21,31,25,2222,6,1,0,0,3,0,4.3,3.7,0,38,4,0,97,2222.0,370.3333333333333,71.6774193548387,22.90721649484536,516.7441860465117,600.5405405405405,1.7000000000000002,-2.7
287,edson alvarez velazquez,Álvarez,West Ham,9,MF,50,25,31,28,2377,1,1,0,0,11,0,1.3,0.6,0,45,5,0,62,2377.0,2377.0,76.6774193548387,38.33870967741935,1828.4615384615383,3961.666666666667,-0.30000000000000004,0.4
288,ben chilwell,Chilwell,Chelsea,6,DF,50,26,13,9,756,0,1,0,0,5,0,1.2,2.2,0,14,1,0,24,756.0,3510.0,58.15384615384615,31.5,630.0,343.6363636363636,-1.2,-1.2000000000000002
289,nathan patterson,Patterson,Everton,15,DF,45,21,20,9,1005,0,2,0,0,4,0,0.3,1.7,0,21,2,0,34,502.5,3510.0,50.25,29.558823529411764,3350.0,591.1764705882354,-0.3,0.30000000000000004
290,murillo santiago costa dos santos,Murillo,Nott'm Forest,17,DF,45,21,32,32,2789,0,2,0,0,5,0,1.8,1.2,1,56,3,0,58,1394.5,3510.0,87.15625,48.08620689655172,1549.4444444444443,2324.166666666667,-1.8,0.8
291,john stones,Stones,Man City,1,DF,55,29,16,12,1064,1,0,0,0,2,0,1.0,0.2,0,9,5,0,53,3510.0,1064.0,66.5,20.07547169811321,1064.0,5320.0,0.0,-0.2
292,benoit badiashile,B.Badiashile,Chelsea,6,DF,45,22,18,15,1338,0,1,0,0,3,0,0.3,1.5,1,31,3,0,35,1338.0,3510.0,74.33333333333333,38.22857142857143,4460.0,892.0,-0.3,-0.5
293,james hill,Hill,Bournemouth,12,DF,40,21,5,1,76,0,0,0,0,0,0,0.0,0.0,0,1,0,0,5,3510.0,3510.0,15.2,15.2,35100.0,35100.0,0.0,0.0
294,konstantinos tsimikas,Tsimikas,Liverpool,3,DF,50,27,13,8,679,0,3,0,0,0,0,0.1,1.0,0,7,4,0,48,226.33333333333334,3510.0,52.23076923076923,14.145833333333334,6790.0,679.0,-0.1,2.0
295,nayef aguerd,N.Aguerd,West Ham,9,DF,45,27,21,21,1857,1,0,0,0,3,1,1.5,0.3,0,44,2,0,36,3510.0,1857.0,88.42857142857143,51.583333333333336,1238.0,6190.0,-0.5,-0.3
296,christopher nkunku,Nkunku,Chelsea,6,MF,65,25,11,2,443,3,0,0,0,0,0,2.3,0.2,0,12,0,0,29,3510.0,147.66666666666666,40.27272727272727,15.275862068965518,192.60869565217394,2215.0,0.7000000000000002,-0.2
297,caoimhin kelleher,Kelleher,Liverpool,3,GK,45,24,10,10,900,0,0,0,0,0,0,0.0,0.0,0,11,2,28,34,3510.0,3510.0,90.0,26.470588235294116,35100.0,35100.0,0.0,0.0
298,tyrick mitchell,Mitchell,Crystal Palace,10,DF,50,23,37,37,3204,2,3,0,0,6,0,1.6,2.8,0,55,10,0,119,1068.0,1602.0,86.5945945945946,26.92436974789916,2002.5,1144.2857142857144,0.3999999999999999,0.20000000000000018
299,oscar bobb,Bobb,Man City,1,MF,50,20,14,2,302,1,1,0,0,0,0,1.4,1.2,0,5,1,0,30,302.0,302.0,21.571428571428573,10.066666666666666,215.71428571428572,251.66666666666669,-0.3999999999999999,-0.19999999999999996
300,leandro trossard,Trossard,Arsenal,2,MF,70,28,34,18,1649,12,1,0,0,2,0,7.9,2.8,0,10,12,0,138,1649.0,137.41666666666666,48.5,11.94927536231884,208.73417721518987,588.9285714285714,4.1,-1.7999999999999998
301,cristian romero,Romero,Spurs,5,DF,50,25,33,33,2790,5,0,0,0,7,1,3.5,0.4,1,46,7,0,107,3510.0,558.0,84.54545454545455,26.074766355140188,797.1428571428571,6975.0,1.5,-0.4
302,moussa diaby,Diaby,Aston Villa,4,MF,65,24,38,25,2174,6,8,0,0,1,0,7.0,6.6,0,40,8,0,142,271.75,362.3333333333333,57.21052631578947,15.309859154929578,310.57142857142856,329.39393939393943,-1.0,1.4000000000000004
303,scott mctominay,McTominay,Man Utd,8,MF,50,26,32,18,1901,7,1,0,0,2,0,5.7,0.8,0,30,7,0,98,1901.0,271.57142857142856,59.40625,19.397959183673468,333.50877192982455,2376.25,1.2999999999999998,0.19999999999999996
304,armando broja,Broja,Chelsea,6,FW,55,21,8,0,88,0,0,0,0,0,0,0.0,0.2,0,9,3,0,35,3510.0,3510.0,11.0,2.5142857142857142,35100.0,440.0,0.0,-0.2
305,james mcconnell,McConnell,Liverpool,3,MF,45,18,3,0,4,0,0,0,0,0,0,0.0,0.0,0,0,0,0,3,3510.0,3510.0,1.3333333333333333,1.3333333333333333,35100.0,35100.0,0.0,0.0
306,charlie taylor,Taylor,Southampton,20,DF,40,29,28,25,2331,1,1,0,0,8,0,0.2,1.2,0,46,2,0,47,2331.0,2331.0,83.25,49.59574468085106,11655.0,1942.5,0.8,-0.19999999999999996
307,pau torres,Pau,Aston Villa,4,DF,45,26,29,27,2464,2,0,0,0,1,0,1.0,0.4,0,37,6,0,85,3510.0,1232.0,84.96551724137932,28.988235294117647,2464.0,6160.0,1.0,-0.4
308,jacob murphy,J.Murphy,Newcastle,7,MF,55,28,21,14,1189,3,7,0,0,1,0,2.1,5.0,0,21,5,0,82,169.85714285714286,396.3333333333333,56.61904761904762,14.5,566.1904761904761,237.8,0.8999999999999999,2.0
309,jakub moder,Moder,Brighton,11,MF,45,24,17,6,618,0,0,0,0,2,0,0.6,0.8,0,13,1,0,21,3510.0,3510.0,36.35294117647059,29.428571428571427,1030.0,772.5,-0.6,-0.8
310,hwang hee-chan,Hee Chan,Wolves,14,MF,65,27,29,25,2119,12,3,1,0,6,0,7.7,3.0,0,37,3,0,125,706.3333333333334,176.58333333333334,73.06896551724138,16.952,275.1948051948052,706.3333333333334,4.3,0.0
311,deivid washington de souza eugenio,Deivid,Chelsea,6,FW,50,18,2,0,13,0,0,0,0,0,0,0.5,0.0,0,1,0,0,2,3510.0,3510.0,6.5,6.5,26.0,35100.0,-0.5,0.0
312,christian eriksen,Eriksen,Man Utd,8,MF,55,31,22,12,1141,1,2,0,0,1,0,1.0,2.3,0,27,2,0,48,570.5,1141.0,51.86363636363637,23.770833333333332,1141.0,496.0869565217392,0.0,-0.2999999999999998
313,joel veltman,Veltman,Brighton,11,DF,45,31,27,17,1588,1,1,0,0,4,0,0.4,0.5,0,32,3,0,49,1588.0,1588.0,58.81481481481482,32.40816326530612,3970.0,3176.0,0.6,0.5
314,trevoh chalobah,Chalobah,Chelsea,6,DF,45,24,13,10,952,1,0,0,0,1,0,0.2,0.1,0,14,3,0,39,3510.0,952.0,73.23076923076923,24.41025641025641,4760.0,9520.0,0.8,-0.1
315,mateo kovacic,Kovačić,Man City,1,MF,55,29,30,16,1551,1,0,0,0,4,0,1.3,1.6,0,14,9,0,59,3510.0,1551.0,51.7,26.28813559322034,1193.076923076923,969.375,-0.30000000000000004,-1.6
316,pablo sarabia,Sarabia,Wolves,14,MF,55,31,30,20,1745,4,7,2,0,5,0,5.5,5.9,0,27,6,0,99,249.28571428571428,436.25,58.166666666666664,17.626262626262626,317.27272727272725,295.76271186440675,-1.5,1.0999999999999996
317,jamaal lascelles,Lascelles,Newcastle,7,DF,45,29,16,13,1080,1,0,0,0,4,0,0.7,0.1,0,15,5,0,46,3510.0,1080.0,67.5,23.47826086956522,1542.857142857143,10800.0,0.30000000000000004,-0.1
318,thomas partey,Thomas,Arsenal,2,MF,50,30,14,9,788,0,0,0,0,3,0,0.4,0.3,0,5,5,0,24,3510.0,3510.0,56.285714285714285,32.833333333333336,1970.0,2626.666666666667,-0.4,-0.3
319,julian alvarez,J.Alvarez,Man City,1,FW,70,23,36,31,2647,11,8,2,0,2,0,13.0,6.4,0,24,12,0,158,330.875,240.63636363636363,73.52777777777777,16.753164556962027,203.6153846153846,413.59375,-2.0,1.5999999999999996
320,alex iwobi,Iwobi,Fulham,13,MF,55,27,2,2,140,0,0,0,0,0,0,0.3,0.2,0,41,7,0,102,3510.0,3510.0,70.0,1.3725490196078431,466.6666666666667,700.0,-0.3,-0.2
321,seamus coleman,Coleman,Everton,15,DF,45,34,12,7,665,0,0,0,0,0,0,0.0,1.0,1,10,4,0,30,3510.0,3510.0,55.416666666666664,22.166666666666668,35100.0,665.0,0.0,-1.0
322,bryan mbeumo,Mbeumo,Brentford,16,MF,70,23,25,22,1960,9,6,3,0,2,0,9.8,4.6,0,31,5,0,127,326.6666666666667,217.77777777777777,78.4,15.433070866141732,199.99999999999997,426.0869565217392,-0.8000000000000007,1.4000000000000004
323,jack hinshelwood,Hinshelwood,Brighton,11,MF,50,18,12,8,869,3,0,0,0,1,0,1.9,0.7,0,17,2,0,42,3510.0,289.6666666666667,72.41666666666667,20.69047619047619,457.3684210526316,1241.4285714285716,1.1,-0.7
324,luis diaz,Luis Díaz,Liverpool,3,MF,75,26,37,32,2629,8,5,0,0,3,0,11.9,5.7,0,33,7,0,142,525.8,328.625,71.05405405405405,18.514084507042252,220.92436974789916,461.2280701754386,-3.9000000000000004,-0.7000000000000002
325,kristoffer ajer,Ajer,Brentford,16,DF,45,25,28,21,1832,2,1,0,0,5,0,1.3,2.3,0,33,5,0,68,1832.0,916.0,65.42857142857143,26.941176470588236,1409.2307692307693,796.5217391304349,0.7,-1.2999999999999998
326,leon bailey,Bailey,Aston Villa,4,MF,65,25,35,22,2068,10,9,0,0,5,0,6.3,9.2,0,32,5,0,148,229.77777777777777,206.8,59.08571428571429,13.972972972972974,328.25396825396825,224.7826086956522,3.7,-0.1999999999999993
327,alex murphy,A.Murphy,Newcastle,7,DF,40,19,2,0,13,0,0,0,0,0,0,0.0,0.0,0,0,0,0,2,3510.0,3510.0,6.5,6.5,35100.0,35100.0,0.0,0.0
328,kevin schade,Schade,Brentford,16,MF,55,21,11,3,333,2,1,0,0,0,0,1.2,0.7,0,5,1,0,33,333.0,166.5,30.272727272727273,10.090909090909092,277.5,475.7142857142857,0.8,0.30000000000000004
329,dwight mcneil,McNeil,Everton,15,MF,55,23,35,33,2892,3,6,0,0,2,0,3.4,8.8,0,39,12,0,124,482.0,964.0,82.62857142857143,23.322580645161292,850.5882352941177,328.6363636363636,-0.3999999999999999,-2.8000000000000007
330,lucas tolentino coelho de lima,L.Paquetá,West Ham,9,MF,60,25,31,31,2622,4,6,2,0,10,0,5.4,5.4,0,52,4,0,100,437.0,655.5,84.58064516129032,26.22,485.55555555555554,485.55555555555554,-1.4000000000000004,0.5999999999999996
331,daniel jebbison,Jebbison,Bournemouth,12,FW,45,19,1,0,21,0,0,0,0,0,0,0.0,0.0,0,0,0,0,1,3510.0,3510.0,21.0,21.0,35100.0,35100.0,0.0,0.0
332,mahmoud dahoud,Dahoud,Brighton,11,MF,50,27,9,6,452,0,1,0,0,1,1,0.2,0.9,0,6,1,0,14,452.0,3510.0,50.22222222222222,32.285714285714285,2260.0,502.22222222222223,-0.2,0.09999999999999998
333,daniel bentley,Bentley,Wolves,14,GK,40,30,5,3,383,0,0,0,0,0,0,0.0,0.0,0,7,2,8,18,3510.0,3510.0,76.6,21.27777777777778,35100.0,35100.0,0.0,0.0
334,anthony elanga,Elanga,Nott'm Forest,17,MF,55,21,36,25,2433,5,9,0,0,1,0,6.6,6.7,0,47,2,0,119,270.3333333333333,486.6,67.58333333333333,20.445378151260503,368.6363636363637,363.13432835820896,-1.5999999999999996,2.3
335,carlos vinicius alves morais,Vinicius,Fulham,13,FW,50,28,13,2,315,2,0,0,0,2,0,1.6,0.8,0,5,0,0,22,3510.0,157.5,24.23076923076923,14.318181818181818,196.875,393.75,0.3999999999999999,-0.8
336,gabriel martinelli silva,Martinelli,Arsenal,2,MF,70,22,35,24,2019,6,4,0,0,1,0,6.8,6.1,0,23,10,0,118,504.75,336.5,57.68571428571428,17.110169491525422,296.9117647058824,330.9836065573771,-0.7999999999999998,-2.0999999999999996
337,romeo lavia,Lavia,Chelsea,6,MF,45,19,1,0,33,0,0,0,0,0,0,0.0,0.0,0,0,0,0,1,3510.0,3510.0,33.0,33.0,35100.0,35100.0,0.0,0.0
338,radu dragusin,Dragusin,Spurs,5,DF,45,21,9,4,429,0,0,0,0,1,0,0.1,0.0,0,7,1,0,14,3510.0,3510.0,47.666666666666664,30.642857142857142,4290.0,35100.0,-0.1,0.0
339,jonny evans,Evans,Man Utd,8,DF,45,35,23,15,1392,0,1,0,0,2,0,0.1,1.2,0,24,4,0,49,1392.0,3510.0,60.52173913043478,28.408163265306122,13920.0,1160.0,-0.1,-0.19999999999999996
340,evan ferguson,Ferguson,Brighton,11,FW,55,18,27,15,1367,6,0,0,0,1,0,4.6,0.5,0,28,2,0,69,3510.0,227.83333333333334,50.629629629629626,19.81159420289855,297.1739130434783,2734.0,1.4000000000000004,-0.5
341,alejandro garnacho,Garnacho,Man Utd,8,MF,65,19,36,30,2565,7,4,0,0,4,0,8.4,5.1,0,39,8,0,131,641.25,366.42857142857144,71.25,19.580152671755727,305.35714285714283,502.9411764705883,-1.4000000000000004,-1.0999999999999996
342,timothy castagne,Castagne,Fulham,13,DF,45,27,34,29,2634,1,3,0,0,3,0,1.6,1.9,0,40,9,0,105,878.0,2634.0,77.47058823529412,25.085714285714285,1646.25,1386.3157894736842,-0.6000000000000001,1.1
343,marcus rashford,Rashford,Man Utd,8,MF,70,25,33,26,2271,7,2,2,0,2,0,7.4,2.3,0,37,7,0,108,1135.5,324.42857142857144,68.81818181818181,21.02777777777778,306.8918918918919,987.3913043478261,-0.40000000000000036,-0.2999999999999998
344,brennan johnson,Johnson,Spurs,5,MF,65,22,3,3,237,0,0,0,0,0,0,0.3,0.2,0,42,5,0,131,3510.0,3510.0,79.0,1.8091603053435115,790.0,1185.0,-0.3,-0.2
345,guglielmo vicario,Vicario,Spurs,5,GK,50,26,38,38,3420,0,0,0,0,2,0,0.0,0.0,0,61,7,110,112,3510.0,3510.0,90.0,30.535714285714285,35100.0,35100.0,0.0,0.0
346,mark flekken,Flekken,Brentford,16,GK,45,30,37,37,3285,0,1,0,0,3,0,0.0,0.5,0,63,7,115,119,3285.0,3510.0,88.78378378378379,27.605042016806724,35100.0,6570.0,0.0,0.5
347,pedro porro,Pedro Porro,Spurs,5,DF,55,23,35,35,3089,3,7,0,0,3,0,2.9,7.2,0,54,7,0,136,441.2857142857143,1029.6666666666667,88.25714285714285,22.71323529411765,1065.1724137931035,429.02777777777777,0.10000000000000009,-0.20000000000000018
348,rico henry,Henry,Brentford,16,DF,45,26,5,5,401,0,1,0,0,1,0,0.1,1.0,0,5,1,0,13,401.0,3510.0,80.2,30.846153846153847,4010.0,401.0,-0.1,0.0
349,remi matthews,Matthews,Crystal Palace,10,GK,40,29,1,0,4,0,0,0,0,0,0,0.0,0.0,0,1,0,0,1,3510.0,3510.0,4.0,4.0,35100.0,35100.0,0.0,0.0
350,milos kerkez,Kerkez,Bournemouth,12,DF,45,19,28,22,1970,0,1,0,0,4,1,1.2,0.8,1,37,6,0,59,1970.0,3510.0,70.35714285714286,33.389830508474574,1641.6666666666667,2462.5,-1.2,0.19999999999999996
351,tim iroegbunam,Iroegbunam,Everton,15,MF,45,20,9,1,164,0,0,0,0,0,0,0.0,0.0,0,7,0,0,10,3510.0,3510.0,18.22222222222222,16.4,35100.0,35100.0,0.0,0.0
352,josh dasilva,Dasilva,Brentford,16,MF,50,24,3,0,24,0,0,0,0,0,0,0.0,0.2,0,0,0,0,3,3510.0,3510.0,8.0,8.0,35100.0,120.0,0.0,-0.2
353,fabio ferreira vieira,Fábio Vieira,Arsenal,2,MF,55,23,11,2,297,1,2,1,0,0,1,1.3,1.6,0,2,1,0,24,148.5,297.0,27.0,12.375,228.46153846153845,185.625,-0.30000000000000004,0.3999999999999999
354,vitaly janelt,Janelt,Brentford,16,MF,50,25,38,37,3054,1,3,0,0,8,0,1.8,4.8,0,52,9,0,93,1018.0,3054.0,80.36842105263158,32.83870967741935,1696.6666666666665,636.25,-0.8,-1.7999999999999998
355,philip billing,Philip,Bournemouth,12,MF,50,27,29,13,1398,2,2,0,0,3,1,2.5,3.2,0,36,2,0,60,699.0,699.0,48.206896551724135,23.3,559.2,436.875,-0.5,-1.2000000000000002
356,stefan ortega moreno,Ortega Moreno,Man City,1,GK,55,30,9,5,635,0,0,0,0,0,0,0.0,0.0,0,7,1,20,22,3510.0,3510.0,70.55555555555556,28.863636363636363,35100.0,35100.0,0.0,0.0
357,amadou onana,Onana,Aston Villa,4,MF,50,21,30,23,2091,2,0,0,0,5,0,2.0,2.7,0,38,5,0,66,3510.0,1045.5,69.7,31.681818181818183,1045.5,774.4444444444443,0.0,-2.7
